Delta,Time,CPU_FREQUENCY_0,CPU_FREQUENCY_1,CPU_FREQUENCY_10,CPU_FREQUENCY_11,CPU_FREQUENCY_12,CPU_FREQUENCY_13,CPU_FREQUENCY_14,CPU_FREQUENCY_15,CPU_FREQUENCY_2,CPU_FREQUENCY_3,CPU_FREQUENCY_4,CPU_FREQUENCY_5,CPU_FREQUENCY_6,CPU_FREQUENCY_7,CPU_FREQUENCY_8,CPU_FREQUENCY_9,CPU_TEMP_0,CPU_TEMP_1,CPU_TEMP_2,CPU_TEMP_3,CPU_TEMP_4,CPU_TEMP_5,CPU_TEMP_6,CPU_TEMP_7,CPU_USAGE_0,CPU_USAGE_1,CPU_USAGE_10,CPU_USAGE_11,CPU_USAGE_12,CPU_USAGE_13,CPU_USAGE_14,CPU_USAGE_15,CPU_USAGE_2,CPU_USAGE_3,CPU_USAGE_4,CPU_USAGE_5,CPU_USAGE_6,CPU_USAGE_7,CPU_USAGE_8,CPU_USAGE_9,SYSTEM_POWER (Watts),TOTAL_MEMORY,TOTAL_SWAP,USED_MEMORY,USED_SWAP
0,1729783511779,2400,2400,2400,2400,2400,2400,2400,2400,2400,2400,2400,2400,2400,2400,2400,2400,65,65,65,65,64,63,65,63,50,0,0,0,0,0,0,0,0,0,0,0,50,0,0,0,44.96013641357422,68719476736,1073741824,28428173312,49020928
203,1729783511780,2400,2400,2400,2400,2400,2400,2400,2400,2400,2400,2400,2400,2400,2400,2400,2400,65,65,65,65,64,63,65,63,100,0,0,0,100,0,0,0,50,0,0,0,0,0,0,0,44.96013641357422,68719476736,1073741824,28428173312,49020928
200,1729783511984,2400,2400,2400,2400,2400,2400,2400,2400,2400,2400,2400,2400,2400,2400,2400,2400,65,65,65,65,64,63,65,63,50,0,9.523809432983398,0,5,0,5,0,35,0,20,0,10,0,14.285715103149414,0,44.96013641357422,68719476736,1073741824,28428173312,49020928
11,1729783512185,2400,2400,2400,2400,2400,2400,2400,2400,2400,2400,2400,2400,2400,2400,2400,2400,65,65,65,66,65,64,65,63,40,0,10.526315689086914,0,10,0,5,0,30.000001907348633,0,28.571430206298828,0,25,0,15.000000953674316,0,44.96013641357422,68719476736,1073741824,28428173312,49020928
