Delta,Time,CPU_FREQUENCY_0,CPU_FREQUENCY_1,CPU_FREQUENCY_10,CPU_FREQUENCY_11,CPU_FREQUENCY_12,CPU_FREQUENCY_13,CPU_FREQUENCY_14,CPU_FREQUENCY_15,CPU_FREQUENCY_2,CPU_FREQUENCY_3,CPU_FREQUENCY_4,CPU_FREQUENCY_5,CPU_FREQUENCY_6,CPU_FREQUENCY_7,CPU_FREQUENCY_8,CPU_FREQUENCY_9,CPU_TEMP_0,CPU_TEMP_1,CPU_TEMP_2,CPU_TEMP_3,CPU_TEMP_4,CPU_TEMP_5,CPU_TEMP_6,CPU_TEMP_7,CPU_USAGE_0,CPU_USAGE_1,CPU_USAGE_10,CPU_USAGE_11,CPU_USAGE_12,CPU_USAGE_13,CPU_USAGE_14,CPU_USAGE_15,CPU_USAGE_2,CPU_USAGE_3,CPU_USAGE_4,CPU_USAGE_5,CPU_USAGE_6,CPU_USAGE_7,CPU_USAGE_8,CPU_USAGE_9,SYSTEM_POWER (Watts),TOTAL_MEMORY,TOTAL_SWAP,USED_MEMORY,USED_SWAP
0,1727179431444,2400,2400,2400,2400,2400,2400,2400,2400,2400,2400,2400,2400,2400,2400,2400,2400,80,86,79,90,80,78,98,79,100,33.333335876464844,50,0,50,0,0,0,50,0,100,0,0,0,100,0,71.95399475097656,68719476736,2147483648,27924025344,650379264
999,1727179431444,2400,2400,2400,2400,2400,2400,2400,2400,2400,2400,2400,2400,2400,2400,2400,2400,80,86,79,90,80,78,98,79,50,0,50,0,50,0,100,0,50,0,66.66667175292969,0,50,0,33.333335876464844,0,71.95399475097656,68719476736,2147483648,27924025344,650379264
11,1727179432445,2400,2400,2400,2400,2400,2400,2400,2400,2400,2400,2400,2400,2400,2400,2400,2400,89,81,100,84,82,81,100,80,52.999996185302734,7.070706844329834,29,5,43,5,50,2.97029709815979,52,7.920792102813721,53.53535461425781,6,48.48484802246094,4.95049524307251,36.3636360168457,5.0505051612854,86.7847900390625,68719476736,2147483648,27922051072,650379264
