Delta,Time,CPU_FREQUENCY_0,CPU_FREQUENCY_1,CPU_FREQUENCY_10,CPU_FREQUENCY_11,CPU_FREQUENCY_12,CPU_FREQUENCY_13,CPU_FREQUENCY_14,CPU_FREQUENCY_15,CPU_FREQUENCY_2,CPU_FREQUENCY_3,CPU_FREQUENCY_4,CPU_FREQUENCY_5,CPU_FREQUENCY_6,CPU_FREQUENCY_7,CPU_FREQUENCY_8,CPU_FREQUENCY_9,CPU_TEMP_0,CPU_TEMP_1,CPU_TEMP_2,CPU_TEMP_3,CPU_TEMP_4,CPU_TEMP_5,CPU_TEMP_6,CPU_TEMP_7,CPU_USAGE_0,CPU_USAGE_1,CPU_USAGE_10,CPU_USAGE_11,CPU_USAGE_12,CPU_USAGE_13,CPU_USAGE_14,CPU_USAGE_15,CPU_USAGE_2,CPU_USAGE_3,CPU_USAGE_4,CPU_USAGE_5,CPU_USAGE_6,CPU_USAGE_7,CPU_USAGE_8,CPU_USAGE_9,SYSTEM_POWER (Watts),TOTAL_MEMORY,TOTAL_SWAP,USED_MEMORY,USED_SWAP
0,1729781855427,2400,2400,2400,2400,2400,2400,2400,2400,2400,2400,2400,2400,2400,2400,2400,2400,69,69,69,71,68,68,68,66,50,0,0,0,0,0,33.333335876464844,0,100,0,100,0,0,0,0,0,56.741607666015625,68719476736,1073741824,28887523328,49020928
207,1729781855427,2400,2400,2400,2400,2400,2400,2400,2400,2400,2400,2400,2400,2400,2400,2400,2400,69,69,69,71,68,68,68,66,100,0,100,0,0,0,0,0,0,0,50,0,50,0,50,0,56.741607666015625,68719476736,1073741824,28887523328,49020928
12,1729781855635,2400,2400,2400,2400,2400,2400,2400,2400,2400,2400,2400,2400,2400,2400,2400,2400,69,69,69,71,68,68,68,66,42.85714340209961,0,19.047618865966797,0,28.571430206298828,0,36.842105865478516,0,28.571430206298828,0,23.809524536132813,0,30.000001907348633,4.545454502105713,28.571430206298828,0,56.741607666015625,68719476736,1073741824,28887523328,49020928
