Delta,Time,CPU_FREQUENCY_0,CPU_FREQUENCY_1,CPU_FREQUENCY_10,CPU_FREQUENCY_11,CPU_FREQUENCY_12,CPU_FREQUENCY_13,CPU_FREQUENCY_14,CPU_FREQUENCY_15,CPU_FREQUENCY_2,CPU_FREQUENCY_3,CPU_FREQUENCY_4,CPU_FREQUENCY_5,CPU_FREQUENCY_6,CPU_FREQUENCY_7,CPU_FREQUENCY_8,CPU_FREQUENCY_9,CPU_TEMP_0,CPU_TEMP_1,CPU_TEMP_2,CPU_TEMP_3,CPU_TEMP_4,CPU_TEMP_5,CPU_TEMP_6,CPU_TEMP_7,CPU_USAGE_0,CPU_USAGE_1,CPU_USAGE_10,CPU_USAGE_11,CPU_USAGE_12,CPU_USAGE_13,CPU_USAGE_14,CPU_USAGE_15,CPU_USAGE_2,CPU_USAGE_3,CPU_USAGE_4,CPU_USAGE_5,CPU_USAGE_6,CPU_USAGE_7,CPU_USAGE_8,CPU_USAGE_9,SYSTEM_POWER (Watts),TOTAL_MEMORY,TOTAL_SWAP,USED_MEMORY,USED_SWAP
0,1727179389343,2400,2400,2400,2400,2400,2400,2400,2400,2400,2400,2400,2400,2400,2400,2400,2400,81,100,80,80,79,100,78,78,100,33.333335876464844,100,0,75,0,100,33.333335876464844,100,0,100,0,100,0,66.66667175292969,33.333335876464844,64.68448638916016,68719476736,2147483648,27960061952,650379264
1002,1727179389344,2400,2400,2400,2400,2400,2400,2400,2400,2400,2400,2400,2400,2400,2400,2400,2400,81,100,80,80,79,100,78,78,50,0,50,0,100,0,50,0,75,0,50,0,50,0,100,0,64.68448638916016,68719476736,2147483648,27960299520,650379264
13,1727179390346,2400,2400,2400,2400,2400,2400,2400,2400,2400,2400,2400,2400,2400,2400,2400,2400,81,81,82,83,83,83,91,91,57.142860412597656,8.08080768585205,52.52525329589844,7.070706844329834,52.52525329589844,7,69,4,55.1020393371582,9,52.04081726074219,8.08080768585205,51.51515197753906,8,48.48484802246094,7,81.92904663085938,68719476736,2147483648,27959726080,650379264
