Delta,Time,CPU_FREQUENCY_0,CPU_FREQUENCY_1,CPU_FREQUENCY_10,CPU_FREQUENCY_11,CPU_FREQUENCY_12,CPU_FREQUENCY_13,CPU_FREQUENCY_14,CPU_FREQUENCY_15,CPU_FREQUENCY_2,CPU_FREQUENCY_3,CPU_FREQUENCY_4,CPU_FREQUENCY_5,CPU_FREQUENCY_6,CPU_FREQUENCY_7,CPU_FREQUENCY_8,CPU_FREQUENCY_9,CPU_TEMP_0,CPU_TEMP_1,CPU_TEMP_2,CPU_TEMP_3,CPU_TEMP_4,CPU_TEMP_5,CPU_TEMP_6,CPU_TEMP_7,CPU_USAGE_0,CPU_USAGE_1,CPU_USAGE_10,CPU_USAGE_11,CPU_USAGE_12,CPU_USAGE_13,CPU_USAGE_14,CPU_USAGE_15,CPU_USAGE_2,CPU_USAGE_3,CPU_USAGE_4,CPU_USAGE_5,CPU_USAGE_6,CPU_USAGE_7,CPU_USAGE_8,CPU_USAGE_9,SYSTEM_POWER (Watts),TOTAL_MEMORY,TOTAL_SWAP,USED_MEMORY,USED_SWAP
0,1727179494573,2400,2400,2400,2400,2400,2400,2400,2400,2400,2400,2400,2400,2400,2400,2400,2400,81,78,80,80,100,99,78,79,50,0,0,0,100,0,0,0,100,0,0,0,0,0,0,0,64.7037582397461,68719476736,2147483648,27805487104,650379264
204,1727179494573,2400,2400,2400,2400,2400,2400,2400,2400,2400,2400,2400,2400,2400,2400,2400,2400,81,78,80,80,100,99,78,79,100,0,0,0,66.66667175292969,0,0,0,50,0,100,0,50,0,50,0,64.7037582397461,68719476736,2147483648,27805487104,650379264
200,1727179494778,2400,2400,2400,2400,2400,2400,2400,2400,2400,2400,2400,2400,2400,2400,2400,2400,91,88,88,95,90,96,97,87,75,40,100,9.523809432983398,100,0,66.66667175292969,9.523809432983398,66.66667175292969,19.047618865966797,66.66667175292969,20,95.45454406738281,19.047618865966797,61.904762268066406,14.285715103149414,64.7037582397461,68719476736,2147483648,27805487104,650379264
202,1727179494980,2400,2400,2400,2400,2400,2400,2400,2400,2400,2400,2400,2400,2400,2400,2400,2400,91,88,88,95,90,96,97,87,19.047618865966797,0,68.42105102539063,0,95,0,36.842105865478516,0,73.68421173095703,0,14.285715103149414,0,21.052631378173828,0,25,0,64.7037582397461,68719476736,2147483648,27805487104,650379264
199,1727179495183,2400,2400,2400,2400,2400,2400,2400,2400,2400,2400,2400,2400,2400,2400,2400,2400,91,88,88,95,90,96,97,87,21.052631378173828,0,9.090909004211426,0,33.333335876464844,0,100,0,18.18181800842285,0,84.21052551269531,0,65,0,0,0,72.00821685791016,68719476736,2147483648,27805487104,650379264
12,1727179495383,2400,2400,2400,2400,2400,2400,2400,2400,2400,2400,2400,2400,2400,2400,2400,2400,91,88,88,95,90,96,97,87,55,9.523809432983398,36.842105865478516,5,35,10,60.000003814697266,0,31.57894515991211,5,95,5,25,5,20,0,72.00821685791016,68719476736,2147483648,27782291456,650379264
