Delta,Time,CPU_FREQUENCY_0,CPU_FREQUENCY_1,CPU_FREQUENCY_10,CPU_FREQUENCY_11,CPU_FREQUENCY_12,CPU_FREQUENCY_13,CPU_FREQUENCY_14,CPU_FREQUENCY_15,CPU_FREQUENCY_2,CPU_FREQUENCY_3,CPU_FREQUENCY_4,CPU_FREQUENCY_5,CPU_FREQUENCY_6,CPU_FREQUENCY_7,CPU_FREQUENCY_8,CPU_FREQUENCY_9,CPU_TEMP_0,CPU_TEMP_1,CPU_TEMP_2,CPU_TEMP_3,CPU_TEMP_4,CPU_TEMP_5,CPU_TEMP_6,CPU_TEMP_7,CPU_USAGE_0,CPU_USAGE_1,CPU_USAGE_10,CPU_USAGE_11,CPU_USAGE_12,CPU_USAGE_13,CPU_USAGE_14,CPU_USAGE_15,CPU_USAGE_2,CPU_USAGE_3,CPU_USAGE_4,CPU_USAGE_5,CPU_USAGE_6,CPU_USAGE_7,CPU_USAGE_8,CPU_USAGE_9,SYSTEM_POWER (Watts),TOTAL_MEMORY,TOTAL_SWAP,USED_MEMORY,USED_SWAP
0,1729787135192,2400,2400,2400,2400,2400,2400,2400,2400,2400,2400,2400,2400,2400,2400,2400,2400,68,65,66,66,64,63,65,63,0,0,0,0,0,0,0,0,50,0,50,0,0,0,0,0,44.263153076171875,68719476736,1073741824,29142736896,49020928
204,1729787135192,2400,2400,2400,2400,2400,2400,2400,2400,2400,2400,2400,2400,2400,2400,2400,2400,68,65,66,66,64,63,65,63,100,0,0,0,50,0,0,0,50,0,0,0,50,0,0,0,44.263153076171875,68719476736,1073741824,29142736896,49020928
203,1729787135396,2400,2400,2400,2400,2400,2400,2400,2400,2400,2400,2400,2400,2400,2400,2400,2400,68,65,66,66,64,63,65,63,52.6315803527832,0,9.523809432983398,0,5,0,5,0,35,0,21.052631378173828,0,10.526315689086914,0,9.523809432983398,0,44.263153076171875,68719476736,1073741824,29142736896,49020928
12,1729787135601,2400,2400,2400,2400,2400,2400,2400,2400,2400,2400,2400,2400,2400,2400,2400,2400,71,68,69,69,68,67,67,66,38.095237731933594,0,10,0,10,0,9.523809432983398,0,25,0,23.809524536132813,0,19.047618865966797,0,19.047618865966797,0,46.4097900390625,68719476736,1073741824,29142736896,49020928
