Delta,Time,CPU_FREQUENCY_0,CPU_FREQUENCY_1,CPU_FREQUENCY_10,CPU_FREQUENCY_11,CPU_FREQUENCY_12,CPU_FREQUENCY_13,CPU_FREQUENCY_14,CPU_FREQUENCY_15,CPU_FREQUENCY_2,CPU_FREQUENCY_3,CPU_FREQUENCY_4,CPU_FREQUENCY_5,CPU_FREQUENCY_6,CPU_FREQUENCY_7,CPU_FREQUENCY_8,CPU_FREQUENCY_9,CPU_TEMP_0,CPU_TEMP_1,CPU_TEMP_2,CPU_TEMP_3,CPU_TEMP_4,CPU_TEMP_5,CPU_TEMP_6,CPU_TEMP_7,CPU_USAGE_0,CPU_USAGE_1,CPU_USAGE_10,CPU_USAGE_11,CPU_USAGE_12,CPU_USAGE_13,CPU_USAGE_14,CPU_USAGE_15,CPU_USAGE_2,CPU_USAGE_3,CPU_USAGE_4,CPU_USAGE_5,CPU_USAGE_6,CPU_USAGE_7,CPU_USAGE_8,CPU_USAGE_9,SYSTEM_POWER (Watts),TOTAL_MEMORY,TOTAL_SWAP,USED_MEMORY,USED_SWAP
0,1727179536672,2400,2400,2400,2400,2400,2400,2400,2400,2400,2400,2400,2400,2400,2400,2400,2400,87,79,80,81,83,81,85,92,100,0,0,0,0,0,66.66667175292969,0,0,0,100,0,0,0,0,0,75.5334701538086,68719476736,2147483648,27826679808,650379264
204,1727179536672,2400,2400,2400,2400,2400,2400,2400,2400,2400,2400,2400,2400,2400,2400,2400,2400,83,82,79,79,87,76,82,81,0,0,0,0,100,0,100,0,50,0,0,0,100,0,100,0,75.5334701538086,68719476736,2147483648,27826679808,650379264
200,1727179536877,2400,2400,2400,2400,2400,2400,2400,2400,2400,2400,2400,2400,2400,2400,2400,2400,83,82,79,79,87,76,82,81,85.71428680419922,28.571430206298828,90,20,66.66667175292969,20,85,5,75,15.000000953674316,85,21.052631378173828,76.19047546386719,25,85.71428680419922,14.285715103149414,75.5334701538086,68719476736,2147483648,27826679808,650379264
202,1727179537077,2400,2400,2400,2400,2400,2400,2400,2400,2400,2400,2400,2400,2400,2400,2400,2400,83,82,79,79,87,76,82,81,31.57894515991211,0,33.333335876464844,4.761904716491699,90,0,76.19047546386719,0,25,0,47.619049072265625,0,31.57894515991211,4.761904716491699,35,0,75.5334701538086,68719476736,2147483648,27826679808,650379264
202,1727179537280,2400,2400,2400,2400,2400,2400,2400,2400,2400,2400,2400,2400,2400,2400,2400,2400,83,82,79,79,87,76,82,81,36.3636360168457,0,52.6315803527832,0,30.000001907348633,0,80,0,45,0,25,0,35,0,35,0,64.79570770263672,68719476736,2147483648,27826679808,650379264
13,1727179537483,2400,2400,2400,2400,2400,2400,2400,2400,2400,2400,2400,2400,2400,2400,2400,2400,83,82,79,79,87,76,82,81,50,10,60.000003814697266,0,45,10,70,13.636363983154297,71.42857360839844,9.523809432983398,35,9.523809432983398,33.333335876464844,0,50,5,64.79570770263672,68719476736,2147483648,27824238592,650379264
